ID,Picture,Image,Name,Gender,Color,Breed,Age,Weight,Located,Treated,MonthAge
A302957,"https:/detail.asp?ID=A302957&LOCATION=SNCR&searchtype=LOST&start=4&friends=1&samaritans=1&nosuccess=0&rows=135&imght=120&imgres=Detail&tWidth=200&view=sysadm.v_sncr&nobreedreq=1&bgcolor=ffffff&text=000000&fontface=arial&fontsize=10&col_hdr_bg=c0c0c0&SBG=c0c0c0&miles=20&shelterlist='SNCR','SNCR1'&atype=&where=type_CAT",https:/get_image.asp?RES=Detail&ID=A302957&LOCATION=SNCR,bramley,True,black & white,domestic shorthair,6 months old,4.1,S GAR03,False,6.0
A302960,"https:/detail.asp?ID=A302960&LOCATION=SNCR&searchtype=LOST&start=4&friends=1&samaritans=1&nosuccess=0&rows=135&imght=120&imgres=Detail&tWidth=200&view=sysadm.v_sncr&nobreedreq=1&bgcolor=ffffff&text=000000&fontface=arial&fontsize=10&col_hdr_bg=c0c0c0&SBG=c0c0c0&miles=20&shelterlist='SNCR','SNCR1'&atype=&where=type_CAT",https:/get_image.asp?RES=Detail&ID=A302960&LOCATION=SNCR,fuji,True,brn tiger,domestic shorthair,6 months old,3.9,S GAR03,False,6.0
A302966,"https:/detail.asp?ID=A302966&LOCATION=SNCR&searchtype=LOST&start=4&friends=1&samaritans=1&nosuccess=0&rows=135&imght=120&imgres=Detail&tWidth=200&view=sysadm.v_sncr&nobreedreq=1&bgcolor=ffffff&text=000000&fontface=arial&fontsize=10&col_hdr_bg=c0c0c0&SBG=c0c0c0&miles=20&shelterlist='SNCR','SNCR1'&atype=&where=type_CAT",https:/get_image.asp?RES=Detail&ID=A302966&LOCATION=SNCR,key lime,True,black,domestic shorthair,7 months old,3.7,S GAR03,False,7.0
A303602,"https:/detail.asp?ID=A303602&LOCATION=SNCR&searchtype=LOST&start=4&friends=1&samaritans=1&nosuccess=0&rows=135&imght=120&imgres=Detail&tWidth=200&view=sysadm.v_sncr&nobreedreq=1&bgcolor=ffffff&text=000000&fontface=arial&fontsize=10&col_hdr_bg=c0c0c0&SBG=c0c0c0&miles=20&shelterlist='SNCR','SNCR1'&atype=&where=type_CAT",https:/get_image.asp?RES=Detail&ID=A303602&LOCATION=SNCR,malala,True,gray tabby,domestic shorthair,4 months old,4.1,S K12,False,4.0
A303605,"https:/detail.asp?ID=A303605&LOCATION=SNCR&searchtype=LOST&start=4&friends=1&samaritans=1&nosuccess=0&rows=135&imght=120&imgres=Detail&tWidth=200&view=sysadm.v_sncr&nobreedreq=1&bgcolor=ffffff&text=000000&fontface=arial&fontsize=10&col_hdr_bg=c0c0c0&SBG=c0c0c0&miles=20&shelterlist='SNCR','SNCR1'&atype=&where=type_CAT",https:/get_image.asp?RES=Detail&ID=A303605&LOCATION=SNCR,malia,True,gray tabby,domestic shorthair,4 months old,3.75,S K12,False,4.0
A303680,"https:/detail.asp?ID=A303680&LOCATION=SNCR&searchtype=LOST&start=4&friends=1&samaritans=1&nosuccess=0&rows=135&imght=120&imgres=Detail&tWidth=200&view=sysadm.v_sncr&nobreedreq=1&bgcolor=ffffff&text=000000&fontface=arial&fontsize=10&col_hdr_bg=c0c0c0&SBG=c0c0c0&miles=20&shelterlist='SNCR','SNCR1'&atype=&where=type_CAT",https:/get_image.asp?RES=Detail&ID=A303680&LOCATION=SNCR,cannoli,True,org tiger & white,domestic shorthair,6 months old,1.25,S CATIO,False,6.0
A303713,"https:/detail.asp?ID=A303713&LOCATION=SNCR&searchtype=LOST&start=4&friends=1&samaritans=1&nosuccess=0&rows=135&imght=120&imgres=Detail&tWidth=200&view=sysadm.v_sncr&nobreedreq=1&bgcolor=ffffff&text=000000&fontface=arial&fontsize=10&col_hdr_bg=c0c0c0&SBG=c0c0c0&miles=20&shelterlist='SNCR','SNCR1'&atype=&where=type_CAT",https:/get_image.asp?RES=Detail&ID=A303713&LOCATION=SNCR,oriole,True,org tabby,domestic mediumhair,6 months old,3.0,S GAR03,False,6.0
A304041,"https:/detail.asp?ID=A304041&LOCATION=SNCR&searchtype=LOST&start=4&friends=1&samaritans=1&nosuccess=0&rows=135&imght=120&imgres=Detail&tWidth=200&view=sysadm.v_sncr&nobreedreq=1&bgcolor=ffffff&text=000000&fontface=arial&fontsize=10&col_hdr_bg=c0c0c0&SBG=c0c0c0&miles=20&shelterlist='SNCR','SNCR1'&atype=&where=type_CAT",https:/get_image.asp?RES=Detail&ID=A304041&LOCATION=SNCR,penelope,True,brn tiger,domestic mediumhair,"2 years, 1 month old",7.25,S F32,False,0.16666666666666666
A304544,"https:/detail.asp?ID=A304544&LOCATION=SNCR&searchtype=LOST&start=4&friends=1&samaritans=1&nosuccess=0&rows=135&imght=120&imgres=Detail&tWidth=200&view=sysadm.v_sncr&nobreedreq=1&bgcolor=ffffff&text=000000&fontface=arial&fontsize=10&col_hdr_bg=c0c0c0&SBG=c0c0c0&miles=20&shelterlist='SNCR','SNCR1'&atype=&where=type_CAT",https:/get_image.asp?RES=Detail&ID=A304544&LOCATION=SNCR,jupiter,True,gray tiger & pastel,domestic shorthair,8 months old,5.3,S F44,False,8.0
A304714,"https:/detail.asp?ID=A304714&LOCATION=SNCR&searchtype=LOST&start=4&friends=1&samaritans=1&nosuccess=0&rows=135&imght=120&imgres=Detail&tWidth=200&view=sysadm.v_sncr&nobreedreq=1&bgcolor=ffffff&text=000000&fontface=arial&fontsize=10&col_hdr_bg=c0c0c0&SBG=c0c0c0&miles=20&shelterlist='SNCR','SNCR1'&atype=&where=type_CAT",https:/get_image.asp?RES=Detail&ID=A304714&LOCATION=SNCR, ,True,gray tiger,domestic shorthair,2 years,9.2,S FER02,True,0.16666666666666666
A304822,"https:/detail.asp?ID=A304822&LOCATION=SNCR&searchtype=LOST&start=4&friends=1&samaritans=1&nosuccess=0&rows=135&imght=120&imgres=Detail&tWidth=200&view=sysadm.v_sncr&nobreedreq=1&bgcolor=ffffff&text=000000&fontface=arial&fontsize=10&col_hdr_bg=c0c0c0&SBG=c0c0c0&miles=20&shelterlist='SNCR','SNCR1'&atype=&where=type_CAT",https:/get_image.asp?RES=Detail&ID=A304822&LOCATION=SNCR,nariz,True,black,domestic shorthair,"1 year, 2 months old",6.0,S GAR03,False,0.08333333333333333
A304859,"https:/detail.asp?ID=A304859&LOCATION=SNCR&searchtype=LOST&start=4&friends=1&samaritans=1&nosuccess=0&rows=135&imght=120&imgres=Detail&tWidth=200&view=sysadm.v_sncr&nobreedreq=1&bgcolor=ffffff&text=000000&fontface=arial&fontsize=10&col_hdr_bg=c0c0c0&SBG=c0c0c0&miles=20&shelterlist='SNCR','SNCR1'&atype=&where=type_CAT",https:/get_image.asp?RES=Detail&ID=A304859&LOCATION=SNCR,clam,True,brn tabby,domestic shorthair,3 months old,2.5,S F24,True,3.0
A304933,"https:/detail.asp?ID=A304933&LOCATION=SNCR&searchtype=LOST&start=4&friends=1&samaritans=1&nosuccess=0&rows=135&imght=120&imgres=Detail&tWidth=200&view=sysadm.v_sncr&nobreedreq=1&bgcolor=ffffff&text=000000&fontface=arial&fontsize=10&col_hdr_bg=c0c0c0&SBG=c0c0c0&miles=20&shelterlist='SNCR','SNCR1'&atype=&where=type_CAT",https:/get_image.asp?RES=Detail&ID=A304933&LOCATION=SNCR,rosie,True,black & white,domestic shorthair,3 years old,10.7,S F16,False,0.25
A304934,"https:/detail.asp?ID=A304934&LOCATION=SNCR&searchtype=LOST&start=4&friends=1&samaritans=1&nosuccess=0&rows=135&imght=120&imgres=Detail&tWidth=200&view=sysadm.v_sncr&nobreedreq=1&bgcolor=ffffff&text=000000&fontface=arial&fontsize=10&col_hdr_bg=c0c0c0&SBG=c0c0c0&miles=20&shelterlist='SNCR','SNCR1'&atype=&where=type_CAT",https:/get_image.asp?RES=Detail&ID=A304934&LOCATION=SNCR,elsie,True,black & white,domestic shorthair,3 months old,1.6,S F06,False,3.0
A304953,"https:/detail.asp?ID=A304953&LOCATION=SNCR&searchtype=LOST&start=4&friends=1&samaritans=1&nosuccess=0&rows=135&imght=120&imgres=Detail&tWidth=200&view=sysadm.v_sncr&nobreedreq=1&bgcolor=ffffff&text=000000&fontface=arial&fontsize=10&col_hdr_bg=c0c0c0&SBG=c0c0c0&miles=20&shelterlist='SNCR','SNCR1'&atype=&where=type_CAT",https:/get_image.asp?RES=Detail&ID=A304953&LOCATION=SNCR,serotonin,True,tortie,domestic shorthair,"2 years, 2 months old",8.0,S F03,False,0.16666666666666666
A304955,"https:/detail.asp?ID=A304955&LOCATION=SNCR&searchtype=LOST&start=4&friends=1&samaritans=1&nosuccess=0&rows=135&imght=120&imgres=Detail&tWidth=200&view=sysadm.v_sncr&nobreedreq=1&bgcolor=ffffff&text=000000&fontface=arial&fontsize=10&col_hdr_bg=c0c0c0&SBG=c0c0c0&miles=20&shelterlist='SNCR','SNCR1'&atype=&where=type_CAT",https:/get_image.asp?RES=Detail&ID=A304955&LOCATION=SNCR,oxytocin,True,org tabby,domestic shorthair,3 months old,3.3,S K05,False,3.0
A304959,"https:/detail.asp?ID=A304959&LOCATION=SNCR&searchtype=LOST&start=4&friends=1&samaritans=1&nosuccess=0&rows=135&imght=120&imgres=Detail&tWidth=200&view=sysadm.v_sncr&nobreedreq=1&bgcolor=ffffff&text=000000&fontface=arial&fontsize=10&col_hdr_bg=c0c0c0&SBG=c0c0c0&miles=20&shelterlist='SNCR','SNCR1'&atype=&where=type_CAT",https:/get_image.asp?RES=Detail&ID=A304959&LOCATION=SNCR,cortisol,True,tortie,domestic shorthair,3 months old,2.4,S F21,False,3.0
A304960,"https:/detail.asp?ID=A304960&LOCATION=SNCR&searchtype=LOST&start=4&friends=1&samaritans=1&nosuccess=0&rows=135&imght=120&imgres=Detail&tWidth=200&view=sysadm.v_sncr&nobreedreq=1&bgcolor=ffffff&text=000000&fontface=arial&fontsize=10&col_hdr_bg=c0c0c0&SBG=c0c0c0&miles=20&shelterlist='SNCR','SNCR1'&atype=&where=type_CAT",https:/get_image.asp?RES=Detail&ID=A304960&LOCATION=SNCR,melatonin,True,tortie,domestic shorthair,3 months old,2.7,S F21,False,3.0
A304987,"https:/detail.asp?ID=A304987&LOCATION=SNCR&searchtype=LOST&start=4&friends=1&samaritans=1&nosuccess=0&rows=135&imght=120&imgres=Detail&tWidth=200&view=sysadm.v_sncr&nobreedreq=1&bgcolor=ffffff&text=000000&fontface=arial&fontsize=10&col_hdr_bg=c0c0c0&SBG=c0c0c0&miles=20&shelterlist='SNCR','SNCR1'&atype=&where=type_CAT",https:/get_image.asp?RES=Detail&ID=A304987&LOCATION=SNCR,kanga,True,black & white,domestic shorthair,"2 years, 2 months old",8.0,S F04,False,0.16666666666666666
A304989,"https:/detail.asp?ID=A304989&LOCATION=SNCR&searchtype=LOST&start=4&friends=1&samaritans=1&nosuccess=0&rows=135&imght=120&imgres=Detail&tWidth=200&view=sysadm.v_sncr&nobreedreq=1&bgcolor=ffffff&text=000000&fontface=arial&fontsize=10&col_hdr_bg=c0c0c0&SBG=c0c0c0&miles=20&shelterlist='SNCR','SNCR1'&atype=&where=type_CAT",https:/get_image.asp?RES=Detail&ID=A304989&LOCATION=SNCR,roo,True,black & orange,domestic shorthair,7 months old,5.0,S F01,False,7.0
A304990,"https:/detail.asp?ID=A304990&LOCATION=SNCR&searchtype=LOST&start=4&friends=1&samaritans=1&nosuccess=0&rows=135&imght=120&imgres=Detail&tWidth=200&view=sysadm.v_sncr&nobreedreq=1&bgcolor=ffffff&text=000000&fontface=arial&fontsize=10&col_hdr_bg=c0c0c0&SBG=c0c0c0&miles=20&shelterlist='SNCR','SNCR1'&atype=&where=type_CAT",https:/get_image.asp?RES=Detail&ID=A304990&LOCATION=SNCR,bandit,True,gray tabby & white,domestic shorthair,5 months old,2.9,FOSTER,False,5.0
A305021,"https:/detail.asp?ID=A305021&LOCATION=SNCR&searchtype=LOST&start=4&friends=1&samaritans=1&nosuccess=0&rows=135&imght=120&imgres=Detail&tWidth=200&view=sysadm.v_sncr&nobreedreq=1&bgcolor=ffffff&text=000000&fontface=arial&fontsize=10&col_hdr_bg=c0c0c0&SBG=c0c0c0&miles=20&shelterlist='SNCR','SNCR1'&atype=&where=type_CAT",https:/get_image.asp?RES=Detail&ID=A305021&LOCATION=SNCR,smokey,True,blk tiger & blk smoke,domestic shorthair,5 months old,3.0,FOSTER,False,5.0
A305048,"https:/detail.asp?ID=A305048&LOCATION=SNCR&searchtype=LOST&start=4&friends=1&samaritans=1&nosuccess=0&rows=135&imght=120&imgres=Detail&tWidth=200&view=sysadm.v_sncr&nobreedreq=1&bgcolor=ffffff&text=000000&fontface=arial&fontsize=10&col_hdr_bg=c0c0c0&SBG=c0c0c0&miles=20&shelterlist='SNCR','SNCR1'&atype=&where=type_CAT",https:/get_image.asp?RES=Detail&ID=A305048&LOCATION=SNCR,mitts,True,brn tabby,domestic shorthair,8 months old,5.9,S F11,False,8.0
A305089,"https:/detail.asp?ID=A305089&LOCATION=SNCR&searchtype=LOST&start=4&friends=1&samaritans=1&nosuccess=0&rows=135&imght=120&imgres=Detail&tWidth=200&view=sysadm.v_sncr&nobreedreq=1&bgcolor=ffffff&text=000000&fontface=arial&fontsize=10&col_hdr_bg=c0c0c0&SBG=c0c0c0&miles=20&shelterlist='SNCR','SNCR1'&atype=&where=type_CAT",https:/get_image.asp?RES=Detail&ID=A305089&LOCATION=SNCR,triumph,True,gray & white,domestic mediumhair,6 months old,4.0,S F12,False,6.0
A305092,"https:/detail.asp?ID=A305092&LOCATION=SNCR&searchtype=LOST&start=4&friends=1&samaritans=1&nosuccess=0&rows=135&imght=120&imgres=Detail&tWidth=200&view=sysadm.v_sncr&nobreedreq=1&bgcolor=ffffff&text=000000&fontface=arial&fontsize=10&col_hdr_bg=c0c0c0&SBG=c0c0c0&miles=20&shelterlist='SNCR','SNCR1'&atype=&where=type_CAT",https:/get_image.asp?RES=Detail&ID=A305092&LOCATION=SNCR,gus,True,brn tabby & white,domestic shorthair,"1 year, 2 months old",12.8,S CATIO,True,0.08333333333333333
A305094,"https:/detail.asp?ID=A305094&LOCATION=SNCR&searchtype=LOST&start=4&friends=1&samaritans=1&nosuccess=0&rows=135&imght=120&imgres=Detail&tWidth=200&view=sysadm.v_sncr&nobreedreq=1&bgcolor=ffffff&text=000000&fontface=arial&fontsize=10&col_hdr_bg=c0c0c0&SBG=c0c0c0&miles=20&shelterlist='SNCR','SNCR1'&atype=&where=type_CAT",https:/get_image.asp?RES=Detail&ID=A305094&LOCATION=SNCR,dahlia,True,gray tabby & white,domestic shorthair,"1 year, 7 months old",7.0,S CATIO,True,0.08333333333333333
A305095,"https:/detail.asp?ID=A305095&LOCATION=SNCR&searchtype=LOST&start=4&friends=1&samaritans=1&nosuccess=0&rows=135&imght=120&imgres=Detail&tWidth=200&view=sysadm.v_sncr&nobreedreq=1&bgcolor=ffffff&text=000000&fontface=arial&fontsize=10&col_hdr_bg=c0c0c0&SBG=c0c0c0&miles=20&shelterlist='SNCR','SNCR1'&atype=&where=type_CAT",https:/get_image.asp?RES=Detail&ID=A305095&LOCATION=SNCR,lotus,True,black & white,domestic shorthair,11 months old,7.7,S CATIO,True,11.0
A305096,"https:/detail.asp?ID=A305096&LOCATION=SNCR&searchtype=LOST&start=4&friends=1&samaritans=1&nosuccess=0&rows=135&imght=120&imgres=Detail&tWidth=200&view=sysadm.v_sncr&nobreedreq=1&bgcolor=ffffff&text=000000&fontface=arial&fontsize=10&col_hdr_bg=c0c0c0&SBG=c0c0c0&miles=20&shelterlist='SNCR','SNCR1'&atype=&where=type_CAT",https:/get_image.asp?RES=Detail&ID=A305096&LOCATION=SNCR,twix,True,brn tabby,domestic shorthair,3 months old,2.2,S F24,False,3.0
A305102,"https:/detail.asp?ID=A305102&LOCATION=SNCR&searchtype=LOST&start=4&friends=1&samaritans=1&nosuccess=0&rows=135&imght=120&imgres=Detail&tWidth=200&view=sysadm.v_sncr&nobreedreq=1&bgcolor=ffffff&text=000000&fontface=arial&fontsize=10&col_hdr_bg=c0c0c0&SBG=c0c0c0&miles=20&shelterlist='SNCR','SNCR1'&atype=&where=type_CAT",https:/get_image.asp?RES=Detail&ID=A305102&LOCATION=SNCR,kit kat,True,black,domestic shorthair,3 months old,2.5,S F24,True,3.0
A305108,"https:/detail.asp?ID=A305108&LOCATION=SNCR&searchtype=LOST&start=4&friends=1&samaritans=1&nosuccess=0&rows=135&imght=120&imgres=Detail&tWidth=200&view=sysadm.v_sncr&nobreedreq=1&bgcolor=ffffff&text=000000&fontface=arial&fontsize=10&col_hdr_bg=c0c0c0&SBG=c0c0c0&miles=20&shelterlist='SNCR','SNCR1'&atype=&where=type_CAT",https:/get_image.asp?RES=Detail&ID=A305108&LOCATION=SNCR,poppy,True,black,domestic shorthair,2 months old,3.0,S K09,False,2.0
A305111,"https:/detail.asp?ID=A305111&LOCATION=SNCR&searchtype=LOST&start=4&friends=1&samaritans=1&nosuccess=0&rows=135&imght=120&imgres=Detail&tWidth=200&view=sysadm.v_sncr&nobreedreq=1&bgcolor=ffffff&text=000000&fontface=arial&fontsize=10&col_hdr_bg=c0c0c0&SBG=c0c0c0&miles=20&shelterlist='SNCR','SNCR1'&atype=&where=type_CAT",https:/get_image.asp?RES=Detail&ID=A305111&LOCATION=SNCR,pinky,True,brn tabby & white,domestic shorthair,2 months old,2.3,S K09,False,2.0
A305128,"https:/detail.asp?ID=A305128&LOCATION=SNCR&searchtype=LOST&start=4&friends=1&samaritans=1&nosuccess=0&rows=135&imght=120&imgres=Detail&tWidth=200&view=sysadm.v_sncr&nobreedreq=1&bgcolor=ffffff&text=000000&fontface=arial&fontsize=10&col_hdr_bg=c0c0c0&SBG=c0c0c0&miles=20&shelterlist='SNCR','SNCR1'&atype=&where=type_CAT",https:/get_image.asp?RES=Detail&ID=A305128&LOCATION=SNCR,aluma,True,black,domestic shorthair,"2 years, 1 month old",8.3,S CS02,False,0.16666666666666666
A305130,"https:/detail.asp?ID=A305130&LOCATION=SNCR&searchtype=LOST&start=4&friends=1&samaritans=1&nosuccess=0&rows=135&imght=120&imgres=Detail&tWidth=200&view=sysadm.v_sncr&nobreedreq=1&bgcolor=ffffff&text=000000&fontface=arial&fontsize=10&col_hdr_bg=c0c0c0&SBG=c0c0c0&miles=20&shelterlist='SNCR','SNCR1'&atype=&where=type_CAT",https:/get_image.asp?RES=Detail&ID=A305130&LOCATION=SNCR,sawyer,True,black & white,domestic shorthair,3 months old,2.2,S CS02,False,3.0
A305131,"https:/detail.asp?ID=A305131&LOCATION=SNCR&searchtype=LOST&start=4&friends=1&samaritans=1&nosuccess=0&rows=135&imght=120&imgres=Detail&tWidth=200&view=sysadm.v_sncr&nobreedreq=1&bgcolor=ffffff&text=000000&fontface=arial&fontsize=10&col_hdr_bg=c0c0c0&SBG=c0c0c0&miles=20&shelterlist='SNCR','SNCR1'&atype=&where=type_CAT",https:/get_image.asp?RES=Detail&ID=A305131&LOCATION=SNCR,reed,True,black,domestic shorthair,3 months old,2.6,S CS02,False,3.0
A305132,"https:/detail.asp?ID=A305132&LOCATION=SNCR&searchtype=LOST&start=4&friends=1&samaritans=1&nosuccess=0&rows=135&imght=120&imgres=Detail&tWidth=200&view=sysadm.v_sncr&nobreedreq=1&bgcolor=ffffff&text=000000&fontface=arial&fontsize=10&col_hdr_bg=c0c0c0&SBG=c0c0c0&miles=20&shelterlist='SNCR','SNCR1'&atype=&where=type_CAT",https:/get_image.asp?RES=Detail&ID=A305132&LOCATION=SNCR,heather,True,black,domestic shorthair,3 months old,2.4,S CS02,False,3.0
A305133,"https:/detail.asp?ID=A305133&LOCATION=SNCR&searchtype=LOST&start=4&friends=1&samaritans=1&nosuccess=0&rows=135&imght=120&imgres=Detail&tWidth=200&view=sysadm.v_sncr&nobreedreq=1&bgcolor=ffffff&text=000000&fontface=arial&fontsize=10&col_hdr_bg=c0c0c0&SBG=c0c0c0&miles=20&shelterlist='SNCR','SNCR1'&atype=&where=type_CAT",https:/get_image.asp?RES=Detail&ID=A305133&LOCATION=SNCR,idella,True,black,domestic shorthair,3 months old,2.1,S CS02,False,3.0
A305295,"https:/detail.asp?ID=A305295&LOCATION=SNCR&searchtype=LOST&start=4&friends=1&samaritans=1&nosuccess=0&rows=135&imght=120&imgres=Detail&tWidth=200&view=sysadm.v_sncr&nobreedreq=1&bgcolor=ffffff&text=000000&fontface=arial&fontsize=10&col_hdr_bg=c0c0c0&SBG=c0c0c0&miles=20&shelterlist='SNCR','SNCR1'&atype=&where=type_CAT",https:/get_image.asp?RES=Detail&ID=A305295&LOCATION=SNCR,paige,True,brn tabby & white,domestic shorthair,5 months old,3.6,S F42,False,5.0
A305430,"https:/detail.asp?ID=A305430&LOCATION=SNCR&searchtype=LOST&start=4&friends=1&samaritans=1&nosuccess=0&rows=135&imght=120&imgres=Detail&tWidth=200&view=sysadm.v_sncr&nobreedreq=1&bgcolor=ffffff&text=000000&fontface=arial&fontsize=10&col_hdr_bg=c0c0c0&SBG=c0c0c0&miles=20&shelterlist='SNCR','SNCR1'&atype=&where=type_CAT",https:/get_image.asp?RES=Detail&ID=A305430&LOCATION=SNCR,megan,True,black,domestic shorthair,"1 year, 1 month old",7.6,S K01,True,0.08333333333333333
A305448,"https:/detail.asp?ID=A305448&LOCATION=SNCR&searchtype=LOST&start=4&friends=1&samaritans=1&nosuccess=0&rows=135&imght=120&imgres=Detail&tWidth=200&view=sysadm.v_sncr&nobreedreq=1&bgcolor=ffffff&text=000000&fontface=arial&fontsize=10&col_hdr_bg=c0c0c0&SBG=c0c0c0&miles=20&shelterlist='SNCR','SNCR1'&atype=&where=type_CAT",https:/get_image.asp?RES=Detail&ID=A305448&LOCATION=SNCR,watson,True,org tiger,domestic shorthair,5 months old,5.4,CLINIC,False,5.0
A305494,"https:/detail.asp?ID=A305494&LOCATION=SNCR&searchtype=LOST&start=4&friends=1&samaritans=1&nosuccess=0&rows=135&imght=120&imgres=Detail&tWidth=200&view=sysadm.v_sncr&nobreedreq=1&bgcolor=ffffff&text=000000&fontface=arial&fontsize=10&col_hdr_bg=c0c0c0&SBG=c0c0c0&miles=20&shelterlist='SNCR','SNCR1'&atype=&where=type_CAT",https:/get_image.asp?RES=Detail&ID=A305494&LOCATION=SNCR,buster,True,org tiger,domestic shorthair,6 months old,6.4,S F04,False,6.0
A305497,"https:/detail.asp?ID=A305497&LOCATION=SNCR&searchtype=LOST&start=4&friends=1&samaritans=1&nosuccess=0&rows=135&imght=120&imgres=Detail&tWidth=200&view=sysadm.v_sncr&nobreedreq=1&bgcolor=ffffff&text=000000&fontface=arial&fontsize=10&col_hdr_bg=c0c0c0&SBG=c0c0c0&miles=20&shelterlist='SNCR','SNCR1'&atype=&where=type_CAT",https:/get_image.asp?RES=Detail&ID=A305497&LOCATION=SNCR,posey,True,org tiger,domestic shorthair,6 months old,5.75,CLINIC,False,6.0
A305672,"https:/detail.asp?ID=A305672&LOCATION=SNCR&searchtype=LOST&start=4&friends=1&samaritans=1&nosuccess=0&rows=135&imght=120&imgres=Detail&tWidth=200&view=sysadm.v_sncr&nobreedreq=1&bgcolor=ffffff&text=000000&fontface=arial&fontsize=10&col_hdr_bg=c0c0c0&SBG=c0c0c0&miles=20&shelterlist='SNCR','SNCR1'&atype=&where=type_CAT",https:/get_image.asp?RES=Detail&ID=A305672&LOCATION=SNCR,florence,True,gray tabby & white,domestic shorthair,"1 year, 2 months old",6.9,S K03,True,0.08333333333333333
A305674,"https:/detail.asp?ID=A305674&LOCATION=SNCR&searchtype=LOST&start=4&friends=1&samaritans=1&nosuccess=0&rows=135&imght=120&imgres=Detail&tWidth=200&view=sysadm.v_sncr&nobreedreq=1&bgcolor=ffffff&text=000000&fontface=arial&fontsize=10&col_hdr_bg=c0c0c0&SBG=c0c0c0&miles=20&shelterlist='SNCR','SNCR1'&atype=&where=type_CAT",https:/get_image.asp?RES=Detail&ID=A305674&LOCATION=SNCR,eric,True,gray tabby,domestic shorthair,3 months old,4.0,S GAR01,False,3.0
A305675,"https:/detail.asp?ID=A305675&LOCATION=SNCR&searchtype=LOST&start=4&friends=1&samaritans=1&nosuccess=0&rows=135&imght=120&imgres=Detail&tWidth=200&view=sysadm.v_sncr&nobreedreq=1&bgcolor=ffffff&text=000000&fontface=arial&fontsize=10&col_hdr_bg=c0c0c0&SBG=c0c0c0&miles=20&shelterlist='SNCR','SNCR1'&atype=&where=type_CAT",https:/get_image.asp?RES=Detail&ID=A305675&LOCATION=SNCR,andrews,True,gray tabby,domestic shorthair,3 months old,3.25,S GAR01,False,3.0
A305676,"https:/detail.asp?ID=A305676&LOCATION=SNCR&searchtype=LOST&start=4&friends=1&samaritans=1&nosuccess=0&rows=135&imght=120&imgres=Detail&tWidth=200&view=sysadm.v_sncr&nobreedreq=1&bgcolor=ffffff&text=000000&fontface=arial&fontsize=10&col_hdr_bg=c0c0c0&SBG=c0c0c0&miles=20&shelterlist='SNCR','SNCR1'&atype=&where=type_CAT",https:/get_image.asp?RES=Detail&ID=A305676&LOCATION=SNCR,michelle,True,gray tabby,domestic shorthair,3 months old,3.25,S GAR01,False,3.0
A305677,"https:/detail.asp?ID=A305677&LOCATION=SNCR&searchtype=LOST&start=4&friends=1&samaritans=1&nosuccess=0&rows=135&imght=120&imgres=Detail&tWidth=200&view=sysadm.v_sncr&nobreedreq=1&bgcolor=ffffff&text=000000&fontface=arial&fontsize=10&col_hdr_bg=c0c0c0&SBG=c0c0c0&miles=20&shelterlist='SNCR','SNCR1'&atype=&where=type_CAT",https:/get_image.asp?RES=Detail&ID=A305677&LOCATION=SNCR,buck,True,gray tabby,domestic shorthair,4 months old,5.25,S GAR01,False,4.0
A305679,"https:/detail.asp?ID=A305679&LOCATION=SNCR&searchtype=LOST&start=4&friends=1&samaritans=1&nosuccess=0&rows=135&imght=120&imgres=Detail&tWidth=200&view=sysadm.v_sncr&nobreedreq=1&bgcolor=ffffff&text=000000&fontface=arial&fontsize=10&col_hdr_bg=c0c0c0&SBG=c0c0c0&miles=20&shelterlist='SNCR','SNCR1'&atype=&where=type_CAT",https:/get_image.asp?RES=Detail&ID=A305679&LOCATION=SNCR,lowe,True,gray,domestic shorthair,3 months old,4.0,S GAR01,False,3.0
A305718,"https:/detail.asp?ID=A305718&LOCATION=SNCR&searchtype=LOST&start=4&friends=1&samaritans=1&nosuccess=0&rows=135&imght=120&imgres=Detail&tWidth=200&view=sysadm.v_sncr&nobreedreq=1&bgcolor=ffffff&text=000000&fontface=arial&fontsize=10&col_hdr_bg=c0c0c0&SBG=c0c0c0&miles=20&shelterlist='SNCR','SNCR1'&atype=&where=type_CAT",https:/get_image.asp?RES=Detail&ID=A305718&LOCATION=SNCR,levi,True,gray tiger & white,domestic shorthair,7 months old,5.0,S CATIO,False,7.0
A305811,"https:/detail.asp?ID=A305811&LOCATION=SNCR&searchtype=LOST&start=4&friends=1&samaritans=1&nosuccess=0&rows=135&imght=120&imgres=Detail&tWidth=200&view=sysadm.v_sncr&nobreedreq=1&bgcolor=ffffff&text=000000&fontface=arial&fontsize=10&col_hdr_bg=c0c0c0&SBG=c0c0c0&miles=20&shelterlist='SNCR','SNCR1'&atype=&where=type_CAT",https:/get_image.asp?RES=Detail&ID=A305811&LOCATION=SNCR,cappy,True,brn tiger & white,domestic shorthair,3 months old,1.5,S K13,False,3.0
A305812,"https:/detail.asp?ID=A305812&LOCATION=SNCR&searchtype=LOST&start=4&friends=1&samaritans=1&nosuccess=0&rows=135&imght=120&imgres=Detail&tWidth=200&view=sysadm.v_sncr&nobreedreq=1&bgcolor=ffffff&text=000000&fontface=arial&fontsize=10&col_hdr_bg=c0c0c0&SBG=c0c0c0&miles=20&shelterlist='SNCR','SNCR1'&atype=&where=type_CAT",https:/get_image.asp?RES=Detail&ID=A305812&LOCATION=SNCR,misty,True,gray tiger,domestic shorthair,7 months old,5.9,S F09,False,7.0
A305819,"https:/detail.asp?ID=A305819&LOCATION=SNCR&searchtype=LOST&start=4&friends=1&samaritans=1&nosuccess=0&rows=135&imght=120&imgres=Detail&tWidth=200&view=sysadm.v_sncr&nobreedreq=1&bgcolor=ffffff&text=000000&fontface=arial&fontsize=10&col_hdr_bg=c0c0c0&SBG=c0c0c0&miles=20&shelterlist='SNCR','SNCR1'&atype=&where=type_CAT",https:/get_image.asp?RES=Detail&ID=A305819&LOCATION=SNCR,marigold,True,buff tiger,domestic shorthair,"2 years, 1 month old",8.2,S F34,False,0.16666666666666666
A305820,"https:/detail.asp?ID=A305820&LOCATION=SNCR&searchtype=LOST&start=4&friends=1&samaritans=1&nosuccess=0&rows=135&imght=120&imgres=Detail&tWidth=200&view=sysadm.v_sncr&nobreedreq=1&bgcolor=ffffff&text=000000&fontface=arial&fontsize=10&col_hdr_bg=c0c0c0&SBG=c0c0c0&miles=20&shelterlist='SNCR','SNCR1'&atype=&where=type_CAT",https:/get_image.asp?RES=Detail&ID=A305820&LOCATION=SNCR,jasmine,True,org tiger,domestic shorthair,"1 year, 7 months old",7.25,S F31,False,0.08333333333333333
A305888,"https:/detail.asp?ID=A305888&LOCATION=SNCR&searchtype=LOST&start=4&friends=1&samaritans=1&nosuccess=0&rows=135&imght=120&imgres=Detail&tWidth=200&view=sysadm.v_sncr&nobreedreq=1&bgcolor=ffffff&text=000000&fontface=arial&fontsize=10&col_hdr_bg=c0c0c0&SBG=c0c0c0&miles=20&shelterlist='SNCR','SNCR1'&atype=&where=type_CAT",https:/get_image.asp?RES=Detail&ID=A305888&LOCATION=SNCR,pig,True,gray tabby,domestic shorthair,3 months old,1.5,S F48,False,3.0
A305889,"https:/detail.asp?ID=A305889&LOCATION=SNCR&searchtype=LOST&start=4&friends=1&samaritans=1&nosuccess=0&rows=135&imght=120&imgres=Detail&tWidth=200&view=sysadm.v_sncr&nobreedreq=1&bgcolor=ffffff&text=000000&fontface=arial&fontsize=10&col_hdr_bg=c0c0c0&SBG=c0c0c0&miles=20&shelterlist='SNCR','SNCR1'&atype=&where=type_CAT",https:/get_image.asp?RES=Detail&ID=A305889&LOCATION=SNCR,duck,True,gray tabby,domestic shorthair,3 months old,1.6,S F48,False,3.0
A305890,"https:/detail.asp?ID=A305890&LOCATION=SNCR&searchtype=LOST&start=4&friends=1&samaritans=1&nosuccess=0&rows=135&imght=120&imgres=Detail&tWidth=200&view=sysadm.v_sncr&nobreedreq=1&bgcolor=ffffff&text=000000&fontface=arial&fontsize=10&col_hdr_bg=c0c0c0&SBG=c0c0c0&miles=20&shelterlist='SNCR','SNCR1'&atype=&where=type_CAT",https:/get_image.asp?RES=Detail&ID=A305890&LOCATION=SNCR,sheep,True,gray tabby,domestic shorthair,3 months old,2.6,S F23,False,3.0
A305893,"https:/detail.asp?ID=A305893&LOCATION=SNCR&searchtype=LOST&start=4&friends=1&samaritans=1&nosuccess=0&rows=135&imght=120&imgres=Detail&tWidth=200&view=sysadm.v_sncr&nobreedreq=1&bgcolor=ffffff&text=000000&fontface=arial&fontsize=10&col_hdr_bg=c0c0c0&SBG=c0c0c0&miles=20&shelterlist='SNCR','SNCR1'&atype=&where=type_CAT",https:/get_image.asp?RES=Detail&ID=A305893&LOCATION=SNCR,peter,True,blk tiger & brown,domestic shorthair,3 months old,4.0,S F14,False,3.0
A305895,"https:/detail.asp?ID=A305895&LOCATION=SNCR&searchtype=LOST&start=4&friends=1&samaritans=1&nosuccess=0&rows=135&imght=120&imgres=Detail&tWidth=200&view=sysadm.v_sncr&nobreedreq=1&bgcolor=ffffff&text=000000&fontface=arial&fontsize=10&col_hdr_bg=c0c0c0&SBG=c0c0c0&miles=20&shelterlist='SNCR','SNCR1'&atype=&where=type_CAT",https:/get_image.asp?RES=Detail&ID=A305895&LOCATION=SNCR,priscilla,True,brn tabby & black,domestic shorthair,3 months old,3.1,S F15,False,3.0
A305896,"https:/detail.asp?ID=A305896&LOCATION=SNCR&searchtype=LOST&start=4&friends=1&samaritans=1&nosuccess=0&rows=135&imght=120&imgres=Detail&tWidth=200&view=sysadm.v_sncr&nobreedreq=1&bgcolor=ffffff&text=000000&fontface=arial&fontsize=10&col_hdr_bg=c0c0c0&SBG=c0c0c0&miles=20&shelterlist='SNCR','SNCR1'&atype=&where=type_CAT",https:/get_image.asp?RES=Detail&ID=A305896&LOCATION=SNCR,polly,True,tortie,domestic shorthair,3 months old,3.1,S F15,False,3.0
A305954,"https:/detail.asp?ID=A305954&LOCATION=SNCR&searchtype=LOST&start=4&friends=1&samaritans=1&nosuccess=0&rows=135&imght=120&imgres=Detail&tWidth=200&view=sysadm.v_sncr&nobreedreq=1&bgcolor=ffffff&text=000000&fontface=arial&fontsize=10&col_hdr_bg=c0c0c0&SBG=c0c0c0&miles=20&shelterlist='SNCR','SNCR1'&atype=&where=type_CAT",https:/get_image.asp?RES=Detail&ID=A305954&LOCATION=SNCR, ,True,brn tabby,domestic shorthair,5 months old,,HOME,False,5.0
A305992,"https:/detail.asp?ID=A305992&LOCATION=SNCR&searchtype=LOST&start=4&friends=1&samaritans=1&nosuccess=0&rows=135&imght=120&imgres=Detail&tWidth=200&view=sysadm.v_sncr&nobreedreq=1&bgcolor=ffffff&text=000000&fontface=arial&fontsize=10&col_hdr_bg=c0c0c0&SBG=c0c0c0&miles=20&shelterlist='SNCR','SNCR1'&atype=&where=type_CAT",https:/get_image.asp?RES=Detail&ID=A305992&LOCATION=SNCR,penny,True,brn tiger & tortie,domestic shorthair,6 months old,5.7,S K02,False,6.0
A305999,"https:/detail.asp?ID=A305999&LOCATION=SNCR&searchtype=LOST&start=4&friends=1&samaritans=1&nosuccess=0&rows=135&imght=120&imgres=Detail&tWidth=200&view=sysadm.v_sncr&nobreedreq=1&bgcolor=ffffff&text=000000&fontface=arial&fontsize=10&col_hdr_bg=c0c0c0&SBG=c0c0c0&miles=20&shelterlist='SNCR','SNCR1'&atype=&where=type_CAT",https:/get_image.asp?RES=Detail&ID=A305999&LOCATION=SNCR,halle,True,brn tiger,domestic shorthair,4 months old,5.0,FOSTER,False,4.0
A306052,"https:/detail.asp?ID=A306052&LOCATION=SNCR&searchtype=LOST&start=4&friends=1&samaritans=1&nosuccess=0&rows=135&imght=120&imgres=Detail&tWidth=200&view=sysadm.v_sncr&nobreedreq=1&bgcolor=ffffff&text=000000&fontface=arial&fontsize=10&col_hdr_bg=c0c0c0&SBG=c0c0c0&miles=20&shelterlist='SNCR','SNCR1'&atype=&where=type_CAT",https:/get_image.asp?RES=Detail&ID=A306052&LOCATION=SNCR,teddy,True,brn tabby & black,domestic shorthair,7 months old,5.8,S CI07,False,7.0
A306102,"https:/detail.asp?ID=A306102&LOCATION=SNCR&searchtype=LOST&start=4&friends=1&samaritans=1&nosuccess=0&rows=135&imght=120&imgres=Detail&tWidth=200&view=sysadm.v_sncr&nobreedreq=1&bgcolor=ffffff&text=000000&fontface=arial&fontsize=10&col_hdr_bg=c0c0c0&SBG=c0c0c0&miles=20&shelterlist='SNCR','SNCR1'&atype=&where=type_CAT",https:/get_image.asp?RES=Detail&ID=A306102&LOCATION=SNCR,moxie,True,gray tabby,domestic shorthair,5 months old,2.75,S F17,False,5.0
A306146,"https:/detail.asp?ID=A306146&LOCATION=SNCR&searchtype=LOST&start=4&friends=1&samaritans=1&nosuccess=0&rows=135&imght=120&imgres=Detail&tWidth=200&view=sysadm.v_sncr&nobreedreq=1&bgcolor=ffffff&text=000000&fontface=arial&fontsize=10&col_hdr_bg=c0c0c0&SBG=c0c0c0&miles=20&shelterlist='SNCR','SNCR1'&atype=&where=type_CAT",https:/get_image.asp?RES=Detail&ID=A306146&LOCATION=SNCR,prince,True,black,domestic shorthair,4 months old,4.1,S F19,False,4.0
A306147,"https:/detail.asp?ID=A306147&LOCATION=SNCR&searchtype=LOST&start=4&friends=1&samaritans=1&nosuccess=0&rows=135&imght=120&imgres=Detail&tWidth=200&view=sysadm.v_sncr&nobreedreq=1&bgcolor=ffffff&text=000000&fontface=arial&fontsize=10&col_hdr_bg=c0c0c0&SBG=c0c0c0&miles=20&shelterlist='SNCR','SNCR1'&atype=&where=type_CAT",https:/get_image.asp?RES=Detail&ID=A306147&LOCATION=SNCR,jester,True,gray tiger,domestic shorthair,5 months old,4.4,S F19,False,5.0
A306148,"https:/detail.asp?ID=A306148&LOCATION=SNCR&searchtype=LOST&start=4&friends=1&samaritans=1&nosuccess=0&rows=135&imght=120&imgres=Detail&tWidth=200&view=sysadm.v_sncr&nobreedreq=1&bgcolor=ffffff&text=000000&fontface=arial&fontsize=10&col_hdr_bg=c0c0c0&SBG=c0c0c0&miles=20&shelterlist='SNCR','SNCR1'&atype=&where=type_CAT",https:/get_image.asp?RES=Detail&ID=A306148&LOCATION=SNCR,queenie,True,agouti & white,domestic shorthair,3 months old,1.7,S F20,False,3.0
A306150,"https:/detail.asp?ID=A306150&LOCATION=SNCR&searchtype=LOST&start=4&friends=1&samaritans=1&nosuccess=0&rows=135&imght=120&imgres=Detail&tWidth=200&view=sysadm.v_sncr&nobreedreq=1&bgcolor=ffffff&text=000000&fontface=arial&fontsize=10&col_hdr_bg=c0c0c0&SBG=c0c0c0&miles=20&shelterlist='SNCR','SNCR1'&atype=&where=type_CAT",https:/get_image.asp?RES=Detail&ID=A306150&LOCATION=SNCR,hilary,True,gray tabby,domestic shorthair,4 months old,2.9,S F51,False,4.0
A306218,"https:/detail.asp?ID=A306218&LOCATION=SNCR&searchtype=LOST&start=4&friends=1&samaritans=1&nosuccess=0&rows=135&imght=120&imgres=Detail&tWidth=200&view=sysadm.v_sncr&nobreedreq=1&bgcolor=ffffff&text=000000&fontface=arial&fontsize=10&col_hdr_bg=c0c0c0&SBG=c0c0c0&miles=20&shelterlist='SNCR','SNCR1'&atype=&where=type_CAT",https:/get_image.asp?RES=Detail&ID=A306218&LOCATION=SNCR,o.j.,True,orange & white,domestic mediumhair,3 months old,2.0,S F30,False,3.0
A306227,"https:/detail.asp?ID=A306227&LOCATION=SNCR1&searchtype=LOST&start=4&friends=1&samaritans=1&nosuccess=0&rows=135&imght=120&imgres=Detail&tWidth=200&view=sysadm.v_sncr&nobreedreq=1&bgcolor=ffffff&text=000000&fontface=arial&fontsize=10&col_hdr_bg=c0c0c0&SBG=c0c0c0&miles=20&shelterlist='SNCR','SNCR1'&atype=&where=type_CAT",https:/get_image.asp?RES=Detail&ID=A306227&LOCATION=SNCR1,miriam,True,tortie,domestic longhair,"1 year, 1 month old",,W H01,False,0.08333333333333333
A306228,"https:/detail.asp?ID=A306228&LOCATION=SNCR&searchtype=LOST&start=4&friends=1&samaritans=1&nosuccess=0&rows=135&imght=120&imgres=Detail&tWidth=200&view=sysadm.v_sncr&nobreedreq=1&bgcolor=ffffff&text=000000&fontface=arial&fontsize=10&col_hdr_bg=c0c0c0&SBG=c0c0c0&miles=20&shelterlist='SNCR','SNCR1'&atype=&where=type_CAT",https:/get_image.asp?RES=Detail&ID=A306228&LOCATION=SNCR,omg,True,brn tiger,domestic shorthair,2 months old,1.6,S F30,False,2.0
A306287,"https:/detail.asp?ID=A306287&LOCATION=SNCR&searchtype=LOST&start=4&friends=1&samaritans=1&nosuccess=0&rows=135&imght=120&imgres=Detail&tWidth=200&view=sysadm.v_sncr&nobreedreq=1&bgcolor=ffffff&text=000000&fontface=arial&fontsize=10&col_hdr_bg=c0c0c0&SBG=c0c0c0&miles=20&shelterlist='SNCR','SNCR1'&atype=&where=type_CAT",https:/get_image.asp?RES=Detail&ID=A306287&LOCATION=SNCR,malcolm,True,brn tabby & white,domestic shorthair,"1 year, 7 months old",10.8,S CI02,True,0.08333333333333333
A306290,"https:/detail.asp?ID=A306290&LOCATION=SNCR&searchtype=LOST&start=4&friends=1&samaritans=1&nosuccess=0&rows=135&imght=120&imgres=Detail&tWidth=200&view=sysadm.v_sncr&nobreedreq=1&bgcolor=ffffff&text=000000&fontface=arial&fontsize=10&col_hdr_bg=c0c0c0&SBG=c0c0c0&miles=20&shelterlist='SNCR','SNCR1'&atype=&where=type_CAT",https:/get_image.asp?RES=Detail&ID=A306290&LOCATION=SNCR,birdie,True,gray,domestic shorthair,5 months old,4.4,S F38,False,5.0
A306298,"https:/detail.asp?ID=A306298&LOCATION=SNCR&searchtype=LOST&start=4&friends=1&samaritans=1&nosuccess=0&rows=135&imght=120&imgres=Detail&tWidth=200&view=sysadm.v_sncr&nobreedreq=1&bgcolor=ffffff&text=000000&fontface=arial&fontsize=10&col_hdr_bg=c0c0c0&SBG=c0c0c0&miles=20&shelterlist='SNCR','SNCR1'&atype=&where=type_CAT",https:/get_image.asp?RES=Detail&ID=A306298&LOCATION=SNCR,capri,True,calico,domestic shorthair,"2 years, 1 month old",9.6,S F27,True,0.16666666666666666
A306299,"https:/detail.asp?ID=A306299&LOCATION=SNCR&searchtype=LOST&start=4&friends=1&samaritans=1&nosuccess=0&rows=135&imght=120&imgres=Detail&tWidth=200&view=sysadm.v_sncr&nobreedreq=1&bgcolor=ffffff&text=000000&fontface=arial&fontsize=10&col_hdr_bg=c0c0c0&SBG=c0c0c0&miles=20&shelterlist='SNCR','SNCR1'&atype=&where=type_CAT",https:/get_image.asp?RES=Detail&ID=A306299&LOCATION=SNCR,twyla,True,brn tabby,domestic shorthair,3 months old,2.5,S F38,False,3.0
A306301,"https:/detail.asp?ID=A306301&LOCATION=SNCR&searchtype=LOST&start=4&friends=1&samaritans=1&nosuccess=0&rows=135&imght=120&imgres=Detail&tWidth=200&view=sysadm.v_sncr&nobreedreq=1&bgcolor=ffffff&text=000000&fontface=arial&fontsize=10&col_hdr_bg=c0c0c0&SBG=c0c0c0&miles=20&shelterlist='SNCR','SNCR1'&atype=&where=type_CAT",https:/get_image.asp?RES=Detail&ID=A306301&LOCATION=SNCR,sleepy,True,buff tiger & white,domestic shorthair,5 months old,3.9,S F59,False,5.0
A306302,"https:/detail.asp?ID=A306302&LOCATION=SNCR&searchtype=LOST&start=4&friends=1&samaritans=1&nosuccess=0&rows=135&imght=120&imgres=Detail&tWidth=200&view=sysadm.v_sncr&nobreedreq=1&bgcolor=ffffff&text=000000&fontface=arial&fontsize=10&col_hdr_bg=c0c0c0&SBG=c0c0c0&miles=20&shelterlist='SNCR','SNCR1'&atype=&where=type_CAT",https:/get_image.asp?RES=Detail&ID=A306302&LOCATION=SNCR,snow white,True,gray tiger & white,domestic shorthair,5 months old,3.9,S F59,False,5.0
A306304,"https:/detail.asp?ID=A306304&LOCATION=SNCR&searchtype=LOST&start=4&friends=1&samaritans=1&nosuccess=0&rows=135&imght=120&imgres=Detail&tWidth=200&view=sysadm.v_sncr&nobreedreq=1&bgcolor=ffffff&text=000000&fontface=arial&fontsize=10&col_hdr_bg=c0c0c0&SBG=c0c0c0&miles=20&shelterlist='SNCR','SNCR1'&atype=&where=type_CAT",https:/get_image.asp?RES=Detail&ID=A306304&LOCATION=SNCR,bashful,True,gray & white,domestic shorthair,5 months old,3.75,S F58,False,5.0
A306305,"https:/detail.asp?ID=A306305&LOCATION=SNCR&searchtype=LOST&start=4&friends=1&samaritans=1&nosuccess=0&rows=135&imght=120&imgres=Detail&tWidth=200&view=sysadm.v_sncr&nobreedreq=1&bgcolor=ffffff&text=000000&fontface=arial&fontsize=10&col_hdr_bg=c0c0c0&SBG=c0c0c0&miles=20&shelterlist='SNCR','SNCR1'&atype=&where=type_CAT",https:/get_image.asp?RES=Detail&ID=A306305&LOCATION=SNCR,dopey,True,gray,domestic shorthair,5 months old,3.0,S F58,False,5.0
A306311,"https:/detail.asp?ID=A306311&LOCATION=SNCR&searchtype=LOST&start=4&friends=1&samaritans=1&nosuccess=0&rows=135&imght=120&imgres=Detail&tWidth=200&view=sysadm.v_sncr&nobreedreq=1&bgcolor=ffffff&text=000000&fontface=arial&fontsize=10&col_hdr_bg=c0c0c0&SBG=c0c0c0&miles=20&shelterlist='SNCR','SNCR1'&atype=&where=type_CAT",https:/get_image.asp?RES=Detail&ID=A306311&LOCATION=SNCR,nico,True,org tiger & white,domestic shorthair,,8.9,S F52,False,0.0
A306312,"https:/detail.asp?ID=A306312&LOCATION=SNCR&searchtype=LOST&start=4&friends=1&samaritans=1&nosuccess=0&rows=135&imght=120&imgres=Detail&tWidth=200&view=sysadm.v_sncr&nobreedreq=1&bgcolor=ffffff&text=000000&fontface=arial&fontsize=10&col_hdr_bg=c0c0c0&SBG=c0c0c0&miles=20&shelterlist='SNCR','SNCR1'&atype=&where=type_CAT",https:/get_image.asp?RES=Detail&ID=A306312&LOCATION=SNCR,giovanni,True,brn tiger & white,domestic shorthair,,7.9,S F52,False,0.0
A306313,"https:/detail.asp?ID=A306313&LOCATION=SNCR&searchtype=LOST&start=4&friends=1&samaritans=1&nosuccess=0&rows=135&imght=120&imgres=Detail&tWidth=200&view=sysadm.v_sncr&nobreedreq=1&bgcolor=ffffff&text=000000&fontface=arial&fontsize=10&col_hdr_bg=c0c0c0&SBG=c0c0c0&miles=20&shelterlist='SNCR','SNCR1'&atype=&where=type_CAT",https:/get_image.asp?RES=Detail&ID=A306313&LOCATION=SNCR,francesco,True,brn tiger,domestic shorthair,,7.9,S F53,False,0.0
A306318,"https:/detail.asp?ID=A306318&LOCATION=SNCR&searchtype=LOST&start=4&friends=1&samaritans=1&nosuccess=0&rows=135&imght=120&imgres=Detail&tWidth=200&view=sysadm.v_sncr&nobreedreq=1&bgcolor=ffffff&text=000000&fontface=arial&fontsize=10&col_hdr_bg=c0c0c0&SBG=c0c0c0&miles=20&shelterlist='SNCR','SNCR1'&atype=&where=type_CAT",https:/get_image.asp?RES=Detail&ID=A306318&LOCATION=SNCR,marsha,True,orange,domestic shorthair,4 months old,2.25,CLINIC,False,4.0
A306320,"https:/detail.asp?ID=A306320&LOCATION=SNCR&searchtype=LOST&start=4&friends=1&samaritans=1&nosuccess=0&rows=135&imght=120&imgres=Detail&tWidth=200&view=sysadm.v_sncr&nobreedreq=1&bgcolor=ffffff&text=000000&fontface=arial&fontsize=10&col_hdr_bg=c0c0c0&SBG=c0c0c0&miles=20&shelterlist='SNCR','SNCR1'&atype=&where=type_CAT",https:/get_image.asp?RES=Detail&ID=A306320&LOCATION=SNCR,jill,True,gray tabby,domestic shorthair,3 months old,1.9,S F02,False,3.0
A306322,"https:/detail.asp?ID=A306322&LOCATION=SNCR&searchtype=LOST&start=4&friends=1&samaritans=1&nosuccess=0&rows=135&imght=120&imgres=Detail&tWidth=200&view=sysadm.v_sncr&nobreedreq=1&bgcolor=ffffff&text=000000&fontface=arial&fontsize=10&col_hdr_bg=c0c0c0&SBG=c0c0c0&miles=20&shelterlist='SNCR','SNCR1'&atype=&where=type_CAT",https:/get_image.asp?RES=Detail&ID=A306322&LOCATION=SNCR,jack,True,gray tabby,domestic shorthair,3 months old,2.1,S F02,False,3.0
A306333,"https:/detail.asp?ID=A306333&LOCATION=SNCR&searchtype=LOST&start=4&friends=1&samaritans=1&nosuccess=0&rows=135&imght=120&imgres=Detail&tWidth=200&view=sysadm.v_sncr&nobreedreq=1&bgcolor=ffffff&text=000000&fontface=arial&fontsize=10&col_hdr_bg=c0c0c0&SBG=c0c0c0&miles=20&shelterlist='SNCR','SNCR1'&atype=&where=type_CAT",https:/get_image.asp?RES=Detail&ID=A306333&LOCATION=SNCR,lugosi,True,black,domestic shorthair,11 months old,7.8,S F13,False,11.0
A306355,"https:/detail.asp?ID=A306355&LOCATION=SNCR&searchtype=LOST&start=4&friends=1&samaritans=1&nosuccess=0&rows=135&imght=120&imgres=Detail&tWidth=200&view=sysadm.v_sncr&nobreedreq=1&bgcolor=ffffff&text=000000&fontface=arial&fontsize=10&col_hdr_bg=c0c0c0&SBG=c0c0c0&miles=20&shelterlist='SNCR','SNCR1'&atype=&where=type_CAT",https:/get_image.asp?RES=Detail&ID=A306355&LOCATION=SNCR,lizzie,True,gray tabby,domestic shorthair,4 months old,3.4,S F05,False,4.0
A306379,"https:/detail.asp?ID=A306379&LOCATION=SNCR&searchtype=LOST&start=4&friends=1&samaritans=1&nosuccess=0&rows=135&imght=120&imgres=Detail&tWidth=200&view=sysadm.v_sncr&nobreedreq=1&bgcolor=ffffff&text=000000&fontface=arial&fontsize=10&col_hdr_bg=c0c0c0&SBG=c0c0c0&miles=20&shelterlist='SNCR','SNCR1'&atype=&where=type_CAT",https:/get_image.asp?RES=Detail&ID=A306379&LOCATION=SNCR,eric the red,True,org tiger & white,domestic shorthair,3 months old,3.25,FOSTER,False,3.0
A306406,"https:/detail.asp?ID=A306406&LOCATION=SNCR&searchtype=LOST&start=4&friends=1&samaritans=1&nosuccess=0&rows=135&imght=120&imgres=Detail&tWidth=200&view=sysadm.v_sncr&nobreedreq=1&bgcolor=ffffff&text=000000&fontface=arial&fontsize=10&col_hdr_bg=c0c0c0&SBG=c0c0c0&miles=20&shelterlist='SNCR','SNCR1'&atype=&where=type_CAT",https:/get_image.asp?RES=Detail&ID=A306406&LOCATION=SNCR,imogen,True,tortie,domestic shorthair,7 months old,5.0,S CI08,False,7.0
A306407,"https:/detail.asp?ID=A306407&LOCATION=SNCR&searchtype=LOST&start=4&friends=1&samaritans=1&nosuccess=0&rows=135&imght=120&imgres=Detail&tWidth=200&view=sysadm.v_sncr&nobreedreq=1&bgcolor=ffffff&text=000000&fontface=arial&fontsize=10&col_hdr_bg=c0c0c0&SBG=c0c0c0&miles=20&shelterlist='SNCR','SNCR1'&atype=&where=type_CAT",https:/get_image.asp?RES=Detail&ID=A306407&LOCATION=SNCR,irene,True,tortie,domestic shorthair,7 months old,5.0,S CI06,False,7.0
A306419,"https:/detail.asp?ID=A306419&LOCATION=SNCR1&searchtype=LOST&start=4&friends=1&samaritans=1&nosuccess=0&rows=135&imght=120&imgres=Detail&tWidth=200&view=sysadm.v_sncr&nobreedreq=1&bgcolor=ffffff&text=000000&fontface=arial&fontsize=10&col_hdr_bg=c0c0c0&SBG=c0c0c0&miles=20&shelterlist='SNCR','SNCR1'&atype=&where=type_CAT",https:/get_image.asp?RES=Detail&ID=A306419&LOCATION=SNCR1,isabelle,True,agouti,domestic mediumhair,"1 year, 1 month old",6.5,W F04,False,0.08333333333333333
A306451,"https:/detail.asp?ID=A306451&LOCATION=SNCR&searchtype=LOST&start=4&friends=1&samaritans=1&nosuccess=0&rows=135&imght=120&imgres=Detail&tWidth=200&view=sysadm.v_sncr&nobreedreq=1&bgcolor=ffffff&text=000000&fontface=arial&fontsize=10&col_hdr_bg=c0c0c0&SBG=c0c0c0&miles=20&shelterlist='SNCR','SNCR1'&atype=&where=type_CAT",https:/get_image.asp?RES=Detail&ID=A306451&LOCATION=SNCR, ,True,black,domestic longhair,3 months old,2.6,CLINIC,False,3.0
A306452,"https:/detail.asp?ID=A306452&LOCATION=SNCR&searchtype=LOST&start=4&friends=1&samaritans=1&nosuccess=0&rows=135&imght=120&imgres=Detail&tWidth=200&view=sysadm.v_sncr&nobreedreq=1&bgcolor=ffffff&text=000000&fontface=arial&fontsize=10&col_hdr_bg=c0c0c0&SBG=c0c0c0&miles=20&shelterlist='SNCR','SNCR1'&atype=&where=type_CAT",https:/get_image.asp?RES=Detail&ID=A306452&LOCATION=SNCR, ,True,black,domestic longhair,3 months old,2.3,CLINIC,False,3.0
A306453,"https:/detail.asp?ID=A306453&LOCATION=SNCR&searchtype=LOST&start=4&friends=1&samaritans=1&nosuccess=0&rows=135&imght=120&imgres=Detail&tWidth=200&view=sysadm.v_sncr&nobreedreq=1&bgcolor=ffffff&text=000000&fontface=arial&fontsize=10&col_hdr_bg=c0c0c0&SBG=c0c0c0&miles=20&shelterlist='SNCR','SNCR1'&atype=&where=type_CAT",https:/get_image.asp?RES=Detail&ID=A306453&LOCATION=SNCR,linden,True,black,domestic longhair,3 months old,2.5,S F06,False,3.0
A306460,"https:/detail.asp?ID=A306460&LOCATION=SNCR&searchtype=LOST&start=4&friends=1&samaritans=1&nosuccess=0&rows=135&imght=120&imgres=Detail&tWidth=200&view=sysadm.v_sncr&nobreedreq=1&bgcolor=ffffff&text=000000&fontface=arial&fontsize=10&col_hdr_bg=c0c0c0&SBG=c0c0c0&miles=20&shelterlist='SNCR','SNCR1'&atype=&where=type_CAT",https:/get_image.asp?RES=Detail&ID=A306460&LOCATION=SNCR, ,True,brn tabby,domestic shorthair,,6.1,S FER13,False,0.0
A306476,"https:/detail.asp?ID=A306476&LOCATION=SNCR1&searchtype=LOST&start=4&friends=1&samaritans=1&nosuccess=0&rows=135&imght=120&imgres=Detail&tWidth=200&view=sysadm.v_sncr&nobreedreq=1&bgcolor=ffffff&text=000000&fontface=arial&fontsize=10&col_hdr_bg=c0c0c0&SBG=c0c0c0&miles=20&shelterlist='SNCR','SNCR1'&atype=&where=type_CAT",https:/get_image.asp?RES=Detail&ID=A306476&LOCATION=SNCR1,patience,True,gray tabby,manx,"1 year, 1 month old",,W GR03,False,0.08333333333333333
A306535,"https:/detail.asp?ID=A306535&LOCATION=SNCR&searchtype=LOST&start=4&friends=1&samaritans=1&nosuccess=0&rows=135&imght=120&imgres=Detail&tWidth=200&view=sysadm.v_sncr&nobreedreq=1&bgcolor=ffffff&text=000000&fontface=arial&fontsize=10&col_hdr_bg=c0c0c0&SBG=c0c0c0&miles=20&shelterlist='SNCR','SNCR1'&atype=&where=type_CAT",https:/get_image.asp?RES=Detail&ID=A306535&LOCATION=SNCR,shadow,True,black,domestic mediumhair,3 months old,2.0,S K06,False,3.0
A306537,"https:/detail.asp?ID=A306537&LOCATION=SNCR&searchtype=LOST&start=4&friends=1&samaritans=1&nosuccess=0&rows=135&imght=120&imgres=Detail&tWidth=200&view=sysadm.v_sncr&nobreedreq=1&bgcolor=ffffff&text=000000&fontface=arial&fontsize=10&col_hdr_bg=c0c0c0&SBG=c0c0c0&miles=20&shelterlist='SNCR','SNCR1'&atype=&where=type_CAT",https:/get_image.asp?RES=Detail&ID=A306537&LOCATION=SNCR,chirpy,True,gray,domestic mediumhair,3 months old,2.0,S K06,False,3.0
A306539,"https:/detail.asp?ID=A306539&LOCATION=SNCR&searchtype=LOST&start=4&friends=1&samaritans=1&nosuccess=0&rows=135&imght=120&imgres=Detail&tWidth=200&view=sysadm.v_sncr&nobreedreq=1&bgcolor=ffffff&text=000000&fontface=arial&fontsize=10&col_hdr_bg=c0c0c0&SBG=c0c0c0&miles=20&shelterlist='SNCR','SNCR1'&atype=&where=type_CAT",https:/get_image.asp?RES=Detail&ID=A306539&LOCATION=SNCR, ,True,gray,domestic shorthair,2 months old,1.6,FOSTER,False,2.0
A306540,"https:/detail.asp?ID=A306540&LOCATION=SNCR&searchtype=LOST&start=4&friends=1&samaritans=1&nosuccess=0&rows=135&imght=120&imgres=Detail&tWidth=200&view=sysadm.v_sncr&nobreedreq=1&bgcolor=ffffff&text=000000&fontface=arial&fontsize=10&col_hdr_bg=c0c0c0&SBG=c0c0c0&miles=20&shelterlist='SNCR','SNCR1'&atype=&where=type_CAT",https:/get_image.asp?RES=Detail&ID=A306540&LOCATION=SNCR,emery,True,gray & white,domestic shorthair,4 months old,2.25,S CI04,False,4.0
A306543,"https:/detail.asp?ID=A306543&LOCATION=SNCR&searchtype=LOST&start=4&friends=1&samaritans=1&nosuccess=0&rows=135&imght=120&imgres=Detail&tWidth=200&view=sysadm.v_sncr&nobreedreq=1&bgcolor=ffffff&text=000000&fontface=arial&fontsize=10&col_hdr_bg=c0c0c0&SBG=c0c0c0&miles=20&shelterlist='SNCR','SNCR1'&atype=&where=type_CAT",https:/get_image.asp?RES=Detail&ID=A306543&LOCATION=SNCR,bella,True,black,domestic shorthair,,6.6,S F56,False,0.0
A306546,"https:/detail.asp?ID=A306546&LOCATION=SNCR&searchtype=LOST&start=4&friends=1&samaritans=1&nosuccess=0&rows=135&imght=120&imgres=Detail&tWidth=200&view=sysadm.v_sncr&nobreedreq=1&bgcolor=ffffff&text=000000&fontface=arial&fontsize=10&col_hdr_bg=c0c0c0&SBG=c0c0c0&miles=20&shelterlist='SNCR','SNCR1'&atype=&where=type_CAT",https:/get_image.asp?RES=Detail&ID=A306546&LOCATION=SNCR,holly,True,tortie,domestic shorthair,4 months old,3.5,S F37,False,4.0
A306547,"https:/detail.asp?ID=A306547&LOCATION=SNCR&searchtype=LOST&start=4&friends=1&samaritans=1&nosuccess=0&rows=135&imght=120&imgres=Detail&tWidth=200&view=sysadm.v_sncr&nobreedreq=1&bgcolor=ffffff&text=000000&fontface=arial&fontsize=10&col_hdr_bg=c0c0c0&SBG=c0c0c0&miles=20&shelterlist='SNCR','SNCR1'&atype=&where=type_CAT",https:/get_image.asp?RES=Detail&ID=A306547&LOCATION=SNCR,berry,True,brn tabby & white,domestic shorthair,4 months old,3.5,S F37,False,4.0
A306585,"https:/detail.asp?ID=A306585&LOCATION=SNCR&searchtype=LOST&start=4&friends=1&samaritans=1&nosuccess=0&rows=135&imght=120&imgres=Detail&tWidth=200&view=sysadm.v_sncr&nobreedreq=1&bgcolor=ffffff&text=000000&fontface=arial&fontsize=10&col_hdr_bg=c0c0c0&SBG=c0c0c0&miles=20&shelterlist='SNCR','SNCR1'&atype=&where=type_CAT",https:/get_image.asp?RES=Detail&ID=A306585&LOCATION=SNCR,penguin,True,black & white,domestic shorthair,"2 years, 1 month old",7.7,FOSTER,True,0.16666666666666666
A306603,"https:/detail.asp?ID=A306603&LOCATION=SNCR&searchtype=LOST&start=4&friends=1&samaritans=1&nosuccess=0&rows=135&imght=120&imgres=Detail&tWidth=200&view=sysadm.v_sncr&nobreedreq=1&bgcolor=ffffff&text=000000&fontface=arial&fontsize=10&col_hdr_bg=c0c0c0&SBG=c0c0c0&miles=20&shelterlist='SNCR','SNCR1'&atype=&where=type_CAT",https:/get_image.asp?RES=Detail&ID=A306603&LOCATION=SNCR,hannaford,True,gray tiger,domestic shorthair,6 months old,5.6,S F45,False,6.0
A306604,"https:/detail.asp?ID=A306604&LOCATION=SNCR&searchtype=LOST&start=4&friends=1&samaritans=1&nosuccess=0&rows=135&imght=120&imgres=Detail&tWidth=200&view=sysadm.v_sncr&nobreedreq=1&bgcolor=ffffff&text=000000&fontface=arial&fontsize=10&col_hdr_bg=c0c0c0&SBG=c0c0c0&miles=20&shelterlist='SNCR','SNCR1'&atype=&where=type_CAT",https:/get_image.asp?RES=Detail&ID=A306604&LOCATION=SNCR,dorothy,True,calico & pastel,domestic shorthair,8 years old,10.75,S F49,True,0.6666666666666666
A306614,"https:/detail.asp?ID=A306614&LOCATION=SNCR1&searchtype=LOST&start=4&friends=1&samaritans=1&nosuccess=0&rows=135&imght=120&imgres=Detail&tWidth=200&view=sysadm.v_sncr&nobreedreq=1&bgcolor=ffffff&text=000000&fontface=arial&fontsize=10&col_hdr_bg=c0c0c0&SBG=c0c0c0&miles=20&shelterlist='SNCR','SNCR1'&atype=&where=type_CAT",https:/get_image.asp?RES=Detail&ID=A306614&LOCATION=SNCR1,tara,True,black & white,domestic shorthair,6 months old,,W H03,False,6.0
A306615,"https:/detail.asp?ID=A306615&LOCATION=SNCR1&searchtype=LOST&start=4&friends=1&samaritans=1&nosuccess=0&rows=135&imght=120&imgres=Detail&tWidth=200&view=sysadm.v_sncr&nobreedreq=1&bgcolor=ffffff&text=000000&fontface=arial&fontsize=10&col_hdr_bg=c0c0c0&SBG=c0c0c0&miles=20&shelterlist='SNCR','SNCR1'&atype=&where=type_CAT",https:/get_image.asp?RES=Detail&ID=A306615&LOCATION=SNCR1,kimchi,True,white & brn tabby,domestic shorthair,3 years old,,W F09,False,0.25
A306636,"https:/detail.asp?ID=A306636&LOCATION=SNCR&searchtype=LOST&start=4&friends=1&samaritans=1&nosuccess=0&rows=135&imght=120&imgres=Detail&tWidth=200&view=sysadm.v_sncr&nobreedreq=1&bgcolor=ffffff&text=000000&fontface=arial&fontsize=10&col_hdr_bg=c0c0c0&SBG=c0c0c0&miles=20&shelterlist='SNCR','SNCR1'&atype=&where=type_CAT",https:/get_image.asp?RES=Detail&ID=A306636&LOCATION=SNCR, ,True,brn tabby & orange,domestic shorthair,2 months old,2.99,FOSTER,False,2.0
A306643,"https:/detail.asp?ID=A306643&LOCATION=SNCR1&searchtype=LOST&start=4&friends=1&samaritans=1&nosuccess=0&rows=135&imght=120&imgres=Detail&tWidth=200&view=sysadm.v_sncr&nobreedreq=1&bgcolor=ffffff&text=000000&fontface=arial&fontsize=10&col_hdr_bg=c0c0c0&SBG=c0c0c0&miles=20&shelterlist='SNCR','SNCR1'&atype=&where=type_CAT",https:/get_image.asp?RES=Detail&ID=A306643&LOCATION=SNCR1, ,True,tortie & pastel,domestic shorthair,2 months old,2.1,W F34,False,2.0
A306710,"https:/detail.asp?ID=A306710&LOCATION=SNCR&searchtype=LOST&start=4&friends=1&samaritans=1&nosuccess=0&rows=135&imght=120&imgres=Detail&tWidth=200&view=sysadm.v_sncr&nobreedreq=1&bgcolor=ffffff&text=000000&fontface=arial&fontsize=10&col_hdr_bg=c0c0c0&SBG=c0c0c0&miles=20&shelterlist='SNCR','SNCR1'&atype=&where=type_CAT",https:/get_image.asp?RES=Detail&ID=A306710&LOCATION=SNCR, ,True,black,domestic shorthair,4 months old,3.5,S FER13,False,4.0
A306745,"https:/detail.asp?ID=A306745&LOCATION=SNCR1&searchtype=LOST&start=4&friends=1&samaritans=1&nosuccess=0&rows=135&imght=120&imgres=Detail&tWidth=200&view=sysadm.v_sncr&nobreedreq=1&bgcolor=ffffff&text=000000&fontface=arial&fontsize=10&col_hdr_bg=c0c0c0&SBG=c0c0c0&miles=20&shelterlist='SNCR','SNCR1'&atype=&where=type_CAT",https:/get_image.asp?RES=Detail&ID=A306745&LOCATION=SNCR1,serena,True,calico,domestic shorthair,2 years,7.0,W F08,False,0.16666666666666666
A306749,"https:/detail.asp?ID=A306749&LOCATION=SNCR&searchtype=LOST&start=4&friends=1&samaritans=1&nosuccess=0&rows=135&imght=120&imgres=Detail&tWidth=200&view=sysadm.v_sncr&nobreedreq=1&bgcolor=ffffff&text=000000&fontface=arial&fontsize=10&col_hdr_bg=c0c0c0&SBG=c0c0c0&miles=20&shelterlist='SNCR','SNCR1'&atype=&where=type_CAT",https:/get_image.asp?RES=Detail&ID=A306749&LOCATION=SNCR, ,True,tortie & black,domestic longhair,7 weeks old,1.7,CLINIC,False,28.0
A306782,"https:/detail.asp?ID=A306782&LOCATION=SNCR&searchtype=LOST&start=4&friends=1&samaritans=1&nosuccess=0&rows=135&imght=120&imgres=Detail&tWidth=200&view=sysadm.v_sncr&nobreedreq=1&bgcolor=ffffff&text=000000&fontface=arial&fontsize=10&col_hdr_bg=c0c0c0&SBG=c0c0c0&miles=20&shelterlist='SNCR','SNCR1'&atype=&where=type_CAT",https:/get_image.asp?RES=Detail&ID=A306782&LOCATION=SNCR, ,True,white & brn tiger,domestic shorthair,4 months old,,S CI05,False,4.0
A306789,"https:/detail.asp?ID=A306789&LOCATION=SNCR1&searchtype=LOST&start=4&friends=1&samaritans=1&nosuccess=0&rows=135&imght=120&imgres=Detail&tWidth=200&view=sysadm.v_sncr&nobreedreq=1&bgcolor=ffffff&text=000000&fontface=arial&fontsize=10&col_hdr_bg=c0c0c0&SBG=c0c0c0&miles=20&shelterlist='SNCR','SNCR1'&atype=&where=type_CAT",https:/get_image.asp?RES=Detail&ID=A306789&LOCATION=SNCR1, ,True,tortie,domestic mediumhair,2 months old,1.9,W F25,False,2.0
A306790,"https:/detail.asp?ID=A306790&LOCATION=SNCR1&searchtype=LOST&start=4&friends=1&samaritans=1&nosuccess=0&rows=135&imght=120&imgres=Detail&tWidth=200&view=sysadm.v_sncr&nobreedreq=1&bgcolor=ffffff&text=000000&fontface=arial&fontsize=10&col_hdr_bg=c0c0c0&SBG=c0c0c0&miles=20&shelterlist='SNCR','SNCR1'&atype=&where=type_CAT",https:/get_image.asp?RES=Detail&ID=A306790&LOCATION=SNCR1, ,True,brn tabby & calico,domestic mediumhair,2 months old,1.1,W F25,False,2.0
A306791,"https:/detail.asp?ID=A306791&LOCATION=SNCR1&searchtype=LOST&start=4&friends=1&samaritans=1&nosuccess=0&rows=135&imght=120&imgres=Detail&tWidth=200&view=sysadm.v_sncr&nobreedreq=1&bgcolor=ffffff&text=000000&fontface=arial&fontsize=10&col_hdr_bg=c0c0c0&SBG=c0c0c0&miles=20&shelterlist='SNCR','SNCR1'&atype=&where=type_CAT",https:/get_image.asp?RES=Detail&ID=A306791&LOCATION=SNCR1, ,True,brn tiger,domestic shorthair,2 months old,1.9,W F25,False,2.0
A306792,"https:/detail.asp?ID=A306792&LOCATION=SNCR1&searchtype=LOST&start=4&friends=1&samaritans=1&nosuccess=0&rows=135&imght=120&imgres=Detail&tWidth=200&view=sysadm.v_sncr&nobreedreq=1&bgcolor=ffffff&text=000000&fontface=arial&fontsize=10&col_hdr_bg=c0c0c0&SBG=c0c0c0&miles=20&shelterlist='SNCR','SNCR1'&atype=&where=type_CAT",https:/get_image.asp?RES=Detail&ID=A306792&LOCATION=SNCR1, ,True,brn tiger & calico,domestic shorthair,2 months old,1.9,W F26,False,2.0
A306793,"https:/detail.asp?ID=A306793&LOCATION=SNCR1&searchtype=LOST&start=4&friends=1&samaritans=1&nosuccess=0&rows=135&imght=120&imgres=Detail&tWidth=200&view=sysadm.v_sncr&nobreedreq=1&bgcolor=ffffff&text=000000&fontface=arial&fontsize=10&col_hdr_bg=c0c0c0&SBG=c0c0c0&miles=20&shelterlist='SNCR','SNCR1'&atype=&where=type_CAT",https:/get_image.asp?RES=Detail&ID=A306793&LOCATION=SNCR1, ,True,org tiger,domestic mediumhair,2 months old,1.4,W F26,False,2.0
A306794,"https:/detail.asp?ID=A306794&LOCATION=SNCR1&searchtype=LOST&start=4&friends=1&samaritans=1&nosuccess=0&rows=135&imght=120&imgres=Detail&tWidth=200&view=sysadm.v_sncr&nobreedreq=1&bgcolor=ffffff&text=000000&fontface=arial&fontsize=10&col_hdr_bg=c0c0c0&SBG=c0c0c0&miles=20&shelterlist='SNCR','SNCR1'&atype=&where=type_CAT",https:/get_image.asp?RES=Detail&ID=A306794&LOCATION=SNCR1, ,True,org tiger & white,domestic shorthair,2 months old,1.5,W F26,False,2.0
A306799,"https:/detail.asp?ID=A306799&LOCATION=SNCR&searchtype=LOST&start=4&friends=1&samaritans=1&nosuccess=0&rows=135&imght=120&imgres=Detail&tWidth=200&view=sysadm.v_sncr&nobreedreq=1&bgcolor=ffffff&text=000000&fontface=arial&fontsize=10&col_hdr_bg=c0c0c0&SBG=c0c0c0&miles=20&shelterlist='SNCR','SNCR1'&atype=&where=type_CAT",https:/get_image.asp?RES=Detail&ID=A306799&LOCATION=SNCR, ,True,orange,domestic shorthair,1 year,9.0,S F50,False,0.08333333333333333
A306814,"https:/detail.asp?ID=A306814&LOCATION=SNCR1&searchtype=LOST&start=4&friends=1&samaritans=1&nosuccess=0&rows=135&imght=120&imgres=Detail&tWidth=200&view=sysadm.v_sncr&nobreedreq=1&bgcolor=ffffff&text=000000&fontface=arial&fontsize=10&col_hdr_bg=c0c0c0&SBG=c0c0c0&miles=20&shelterlist='SNCR','SNCR1'&atype=&where=type_CAT",https:/get_image.asp?RES=Detail&ID=A306814&LOCATION=SNCR1, ,,tortie,domestic mediumhair,2 months old,,W QUAR 03,,2.0
A306815,"https:/detail.asp?ID=A306815&LOCATION=SNCR1&searchtype=LOST&start=4&friends=1&samaritans=1&nosuccess=0&rows=135&imght=120&imgres=Detail&tWidth=200&view=sysadm.v_sncr&nobreedreq=1&bgcolor=ffffff&text=000000&fontface=arial&fontsize=10&col_hdr_bg=c0c0c0&SBG=c0c0c0&miles=20&shelterlist='SNCR','SNCR1'&atype=&where=type_CAT",https:/get_image.asp?RES=Detail&ID=A306815&LOCATION=SNCR1, ,,tortie,domestic mediumhair,2 months old,,W QUAR 03,,2.0
A306816,"https:/detail.asp?ID=A306816&LOCATION=SNCR1&searchtype=LOST&start=4&friends=1&samaritans=1&nosuccess=0&rows=135&imght=120&imgres=Detail&tWidth=200&view=sysadm.v_sncr&nobreedreq=1&bgcolor=ffffff&text=000000&fontface=arial&fontsize=10&col_hdr_bg=c0c0c0&SBG=c0c0c0&miles=20&shelterlist='SNCR','SNCR1'&atype=&where=type_CAT",https:/get_image.asp?RES=Detail&ID=A306816&LOCATION=SNCR1, ,,black & white,domestic mediumhair,2 months old,,W QUAR 03,,2.0
A306818,"https:/detail.asp?ID=A306818&LOCATION=SNCR1&searchtype=LOST&start=4&friends=1&samaritans=1&nosuccess=0&rows=135&imght=120&imgres=Detail&tWidth=200&view=sysadm.v_sncr&nobreedreq=1&bgcolor=ffffff&text=000000&fontface=arial&fontsize=10&col_hdr_bg=c0c0c0&SBG=c0c0c0&miles=20&shelterlist='SNCR','SNCR1'&atype=&where=type_CAT",https:/get_image.asp?RES=Detail&ID=A306818&LOCATION=SNCR1, ,,black & white,domestic mediumhair,2 months old,,W QUAR 03,,2.0
A306819,"https:/detail.asp?ID=A306819&LOCATION=SNCR1&searchtype=LOST&start=4&friends=1&samaritans=1&nosuccess=0&rows=135&imght=120&imgres=Detail&tWidth=200&view=sysadm.v_sncr&nobreedreq=1&bgcolor=ffffff&text=000000&fontface=arial&fontsize=10&col_hdr_bg=c0c0c0&SBG=c0c0c0&miles=20&shelterlist='SNCR','SNCR1'&atype=&where=type_CAT",https:/get_image.asp?RES=Detail&ID=A306819&LOCATION=SNCR1, ,,black & white,domestic mediumhair,2 months old,,W QUAR 03,,2.0
A306824,"https:/detail.asp?ID=A306824&LOCATION=SNCR1&searchtype=LOST&start=4&friends=1&samaritans=1&nosuccess=0&rows=135&imght=120&imgres=Detail&tWidth=200&view=sysadm.v_sncr&nobreedreq=1&bgcolor=ffffff&text=000000&fontface=arial&fontsize=10&col_hdr_bg=c0c0c0&SBG=c0c0c0&miles=20&shelterlist='SNCR','SNCR1'&atype=&where=type_CAT",https:/get_image.asp?RES=Detail&ID=A306824&LOCATION=SNCR1, ,True,tortie,domestic shorthair,,,W F21,False,0.0
A306841,"https:/detail.asp?ID=A306841&LOCATION=SNCR&searchtype=LOST&start=4&friends=1&samaritans=1&nosuccess=0&rows=135&imght=120&imgres=Detail&tWidth=200&view=sysadm.v_sncr&nobreedreq=1&bgcolor=ffffff&text=000000&fontface=arial&fontsize=10&col_hdr_bg=c0c0c0&SBG=c0c0c0&miles=20&shelterlist='SNCR','SNCR1'&atype=&where=type_CAT",https:/get_image.asp?RES=Detail&ID=A306841&LOCATION=SNCR,beckham,True,black & white,domestic shorthair,1 year,12.25,S F57,False,0.08333333333333333
A306857,"https:/detail.asp?ID=A306857&LOCATION=SNCR&searchtype=LOST&start=4&friends=1&samaritans=1&nosuccess=0&rows=135&imght=120&imgres=Detail&tWidth=200&view=sysadm.v_sncr&nobreedreq=1&bgcolor=ffffff&text=000000&fontface=arial&fontsize=10&col_hdr_bg=c0c0c0&SBG=c0c0c0&miles=20&shelterlist='SNCR','SNCR1'&atype=&where=type_CAT",https:/get_image.asp?RES=Detail&ID=A306857&LOCATION=SNCR,genevieve,True,brn tiger,domestic shorthair,,,S F54,False,0.0
A306867,"https:/detail.asp?ID=A306867&LOCATION=SNCR1&searchtype=LOST&start=4&friends=1&samaritans=1&nosuccess=0&rows=135&imght=120&imgres=Detail&tWidth=200&view=sysadm.v_sncr&nobreedreq=1&bgcolor=ffffff&text=000000&fontface=arial&fontsize=10&col_hdr_bg=c0c0c0&SBG=c0c0c0&miles=20&shelterlist='SNCR','SNCR1'&atype=&where=type_CAT",https:/get_image.asp?RES=Detail&ID=A306867&LOCATION=SNCR1, ,,gray tabby,domestic shorthair,,4.99,W F27,,0.0
A306868,"https:/detail.asp?ID=A306868&LOCATION=SNCR1&searchtype=LOST&start=4&friends=1&samaritans=1&nosuccess=0&rows=135&imght=120&imgres=Detail&tWidth=200&view=sysadm.v_sncr&nobreedreq=1&bgcolor=ffffff&text=000000&fontface=arial&fontsize=10&col_hdr_bg=c0c0c0&SBG=c0c0c0&miles=20&shelterlist='SNCR','SNCR1'&atype=&where=type_CAT",https:/get_image.asp?RES=Detail&ID=A306868&LOCATION=SNCR1, ,True,brn tabby,domestic shorthair,4 months old,3.6,W F07,False,4.0
A306869,"https:/detail.asp?ID=A306869&LOCATION=SNCR1&searchtype=LOST&start=4&friends=1&samaritans=1&nosuccess=0&rows=135&imght=120&imgres=Detail&tWidth=200&view=sysadm.v_sncr&nobreedreq=1&bgcolor=ffffff&text=000000&fontface=arial&fontsize=10&col_hdr_bg=c0c0c0&SBG=c0c0c0&miles=20&shelterlist='SNCR','SNCR1'&atype=&where=type_CAT",https:/get_image.asp?RES=Detail&ID=A306869&LOCATION=SNCR1, ,,black,domestic longhair,,2.99,W F20,,0.0
A306870,"https:/detail.asp?ID=A306870&LOCATION=SNCR1&searchtype=LOST&start=4&friends=1&samaritans=1&nosuccess=0&rows=135&imght=120&imgres=Detail&tWidth=200&view=sysadm.v_sncr&nobreedreq=1&bgcolor=ffffff&text=000000&fontface=arial&fontsize=10&col_hdr_bg=c0c0c0&SBG=c0c0c0&miles=20&shelterlist='SNCR','SNCR1'&atype=&where=type_CAT",https:/get_image.asp?RES=Detail&ID=A306870&LOCATION=SNCR1, ,,brn tiger,domestic shorthair,,2.99,W F20,,0.0
A306871,"https:/detail.asp?ID=A306871&LOCATION=SNCR1&searchtype=LOST&start=4&friends=1&samaritans=1&nosuccess=0&rows=135&imght=120&imgres=Detail&tWidth=200&view=sysadm.v_sncr&nobreedreq=1&bgcolor=ffffff&text=000000&fontface=arial&fontsize=10&col_hdr_bg=c0c0c0&SBG=c0c0c0&miles=20&shelterlist='SNCR','SNCR1'&atype=&where=type_CAT",https:/get_image.asp?RES=Detail&ID=A306871&LOCATION=SNCR1, ,,brn tabby,domestic shorthair,,2.99,W F20,,0.0
A306875,"https:/detail.asp?ID=A306875&LOCATION=SNCR&searchtype=LOST&start=4&friends=1&samaritans=1&nosuccess=0&rows=135&imght=120&imgres=Detail&tWidth=200&view=sysadm.v_sncr&nobreedreq=1&bgcolor=ffffff&text=000000&fontface=arial&fontsize=10&col_hdr_bg=c0c0c0&SBG=c0c0c0&miles=20&shelterlist='SNCR','SNCR1'&atype=&where=type_CAT",https:/get_image.asp?RES=Detail&ID=A306875&LOCATION=SNCR, ,,tan,domestic shorthair,,,S FER10,,0.0
A306882,"https:/detail.asp?ID=A306882&LOCATION=SNCR&searchtype=LOST&start=4&friends=1&samaritans=1&nosuccess=0&rows=135&imght=120&imgres=Detail&tWidth=200&view=sysadm.v_sncr&nobreedreq=1&bgcolor=ffffff&text=000000&fontface=arial&fontsize=10&col_hdr_bg=c0c0c0&SBG=c0c0c0&miles=20&shelterlist='SNCR','SNCR1'&atype=&where=type_CAT",https:/get_image.asp?RES=Detail&ID=A306882&LOCATION=SNCR,ww atherton,,black,domestic longhair,,,S FER01,,0.0
